,App_name,App_type,App_rate,App_downloads+,App_developer,App_last_update,App_review
0,Ejercicios para el cerebro,Entretenimiento,4.5,100000,ABC Programming,7 de abril de 2020,Muy buena !practicar a diario mejora mi atencion y memoria !
1,Ser feliz Reto 30 d√≠as,Estilo de vida,4.0,100000,Metta Apps,29 de abril de 2020,"Maravillosa aplicaci√≥n!! Agradezco que la hayan hecho y haberla encontrado, me s√∫per ayud√≥!!"
2,Moodpath - Depression & Anxiety Test,Medicina,4.6,1000000,MindDoc Health,10 de junio de 2020,"Me gusta mucho, me hace prestar atenci√≥n a mis emociones como nunca pens√©:)"
3,desordenes mentales,Libros y obras de consulta,4.3,100000,Helpful Books,17 de septiembre de 2018,"Excelente trabajo, muy completo y se Puede compartir con redes sociales. Gracias."
4,"Psic√≥logos Online, Diario emocional y Mindfulness",Salud y bienestar,4.3,100000,ifeel,1 de junio de 2020,"Se ve genial, y muy bien dise√±ada. Pero claro, quien no tenga dinero para pagar la terapia, poca ayuda va a poder recibir. Recuerda, si tienes problemas emocionales y no tienes dinero, ning√∫n psic√≥logo te podr√° ayudar por pobre. S√© autodidacta, y aprende por t√∫ cuenta para ayudarte a t√≠ mismo. En el...Opini√≥n completa"
5,Diario de animo y preguntas (anti depresi√≥n),Estilo de vida,4.3,500000,Reflexio Team,31 de mayo de 2020,"La instal√© hace apenas 4 d√≠as y de veras, me encanta!. Siento como si tomara una gran cantidad de ox√≠geno cada que ingreso a la App a diario. Es como un peque√±o refugio de tranquilidad, de paz, en el que de un modo muy sencillo puedo ser simplemente yo misma. Estaba buscando sugerencias de aplicacio...Opini√≥n completa"
6,Medita con Petit BamBou: mindfulness y sue√±o,Salud y bienestar,4.7,1000000,FeelVeryBien sarl,12 de junio de 2020,"Incre√≠ble aplicaci√≥n. Tiene un mont√≥n de herramientas tanto para la meditaci√≥n guiada como para la meditaci√≥n libre, sonidos y ayudas para ejercicios de respiraci√≥n. Me encanta!! Adem√°s sin tener el modo premium tienes acceso a todas estas herramientas, pero con el premium tienes aun muchas m√°s posi...Opini√≥n completa"
7,Inteligencia emocional gratis,Salud y bienestar,4.4,10000,"Bible Studies, Embarazo y Dietas Free Libres",12 de mayo de 2020,esta buena esta ap relamete si te pones las pilas funciona..
8,Desordenes mentales,Educaci√≥n,4.5,100000,Andrey Borzenko,12 de febrero de 2019,Maliiiiiiiiiisima. No puedo ver ning√∫n trastorno. Se debe reparar
9,Smylife - Felicidad diaria,Salud y bienestar,4.3,10000,Smylife SAS,23 de noviembre de 2017,buena app me ayuda a repajarme y controlar mi estr√©s super recomendado pero yo le aumentar√≠a que de recordatorio cuando tu nivel de estr√©s este muy alto o cuando tu bienestar esta super negativo pero despues de eso todo super super super super OK!!
10,PSY online terapia psicologia. –°hat apoyo an√≥nimo.,Salud y bienestar,4.3,500000,INVOLTA INC,16 de junio de 2020,"Es genial, pero ya no me funciona, no me cargaban las preguntas ni me dejaba postearlas. Reinstal√© la app y ahora no funciona ni carga nada, dice que escriba a servicio t√©cnico. Ayuda por favor."
11,Ansiedad y estr√©s,Salud y bienestar,4.0,100000,Metta Apps,2 de mayo de 2020,"Una app de mucha ayuda, aunque no puedo escuchar los audios en android 4 ni 5 tras las ultimas actualizaciones."
12,Moodpath - Depression & Anxiety Test,Medicina,4.6,1000000,MindDoc Health,10 de junio de 2020,Es una buena app para revisar el propio estado de animo y entenderse a s√≠ mismo. Algunas preguntas son repetitivas u ofensivas y no parece que tengan en cuenta cuando uno las reporta como tales. EDIT. Funcona cada vez peor. Pierde entradas y me saltea preguntas a√∫n estando en horario.
13,Lojong: Meditaci√≥n y Mindfulness -Ansiedad +Sue√±o,Salud y bienestar,4.9,1000000,Unisollus,26 de mayo de 2020,"¬°Perfecta! Realmente puedes acceder a todo el contenido de manera semi-gratis, osea, puedes ver anuncios para entrar a el contenido premium si no quieres pagar. De la docena de aplicaciones sobre meditaci√≥n que ya hab√≠a probado est√° sin duda alguna es la m√°s completa aunque ir√≥nicamente decid√≠ desca...Opini√≥n completa"
14,C√≠ngulo: Terapia Guiada,Salud y bienestar,4.9,1000000,C√≠ngulo,17 de junio de 2020,La primera autoevaluaci√≥n estuvo bien atinada. Me parece un tipo de aplicaci√≥n necesaria.
15,"Mejor con Salud - Belleza, dieta y bienestar",Salud y bienestar,4.5,100000,Grupo MContigo,13 de junio de 2020,Es excelente. Y ayuda muchisimo a aumentar nuestro conocimiento acerca de las enfermedades en general. Agradecida .
16,Ansiedad y estr√©s,Salud y bienestar,4.0,100000,Metta Apps,2 de mayo de 2020,Los audios no los abre. Podrian arreilarlo porf.Grasias.
17,Medita con Petit BamBou: mindfulness y sue√±o,Salud y bienestar,4.7,1000000,FeelVeryBien sarl,12 de junio de 2020,"Amo los videos introductorios y reflexivos, me encanta la funci√≥n sin gu√≠a, y el acompa√±amiento que brindan en el proceso, amar√≠a que la prueba gratuita contara con m√°s videos pues no puedo adquirir los dem√°s beneficios, pero la experiencia ha sido magn√≠fica."
18,PsicoTests,Medicina,4.6,1000000,Psique Apps,24 de febrero de 2020,"Es una ayuda para tratar de comprender ciertos comportamientos a trav√©s de test que est√©n validados, apenas empec√© a usar la aplicaci√≥n y me ha perecido muy interesante, ya que que hay muchos temas para estudiar y ahondar en el conocimiento tanto para estudiantes como los profesionales de la salud m...Opini√≥n completa"
19,"M√∫sica para la meditaci√≥n, para estr√©s y ansiedad",Salud y bienestar,4.7,100000,Dream_Studio,28 de marzo de 2020,Buen√≠simo!!! Me encanta. Tiene todo para programar lo que me gusta
20,Psicologia de la Depresi√≥n,Salud y bienestar,4.7,100000,Nice-Apps,30 de marzo de 2020,"Me gust√≥ bastante, dice cosas muy ciertas que yo puedo asegurar, estoy segura de que muchas personas se sintieron identificadas con esto al igual que yo y no es nada f√°cil aceptar que lo est√°s viviendo, mucho menos sabiendo que t√∫ familia no le toma importancia porque piensa que est√°s exagerando. Es...Opini√≥n completa"
21,Psicolog√≠a Positiva F√°cil,Salud y bienestar,4.1,50000,3Temes Publishers,29 de diciembre de 2014,"Es una aplicaci√≥n bastante buena, aun as√≠ siento que le falta algo, pero muy recomentadable si quieres tener una vida emocional sana."
22,Salud Mental,Salud y bienestar,4.6,50000,Charnan.7,17 de enero de 2019,hermosa app. noble precisa y real. sent√≠ que me estaban ayudando. y que los consejos eran para mi. gracias de todo coraz√≥n. üíì
23,Diario de animo y preguntas (anti depresi√≥n),Estilo de vida,4.3,500000,Reflexio Team,31 de mayo de 2020,"Me gusta la idea de tomarnos un momento a pensar y analizar nuestras respuestas. Nos ayuda a tomar conciencia. Tambi√©n tiene una opci√≥n para poner una nota de lo que quieras del d√≠a, lo cual nos ayuda a saber nuestro equilibrio mental a lo largo del tiempo. Me gustar√≠a que tengan m√°s opciones gratis...Opini√≥n completa"
24,Siente - Mindfulness y psicolog√≠a positiva,Salud y bienestar,4.7,100000,Fundaci√≥n facilisimo,21 de mayo de 2020,Tengo subscripci√≥n anual y estoy contenta hubo un problema y me lo solucionaron rapid√≠simo. La recomiendo!
25,PNL pr√°ctico,Estilo de vida,4.3,100000,Metta Apps,3 de mayo de 2020,"Maravillosa App!!! Gracias, Gracias, Gracias por compartir tan valioso materialüôè Altamente Recomendable!!! üôå"
26,Siente - Mindfulness y psicolog√≠a positiva,Salud y bienestar,4.7,100000,Fundaci√≥n facilisimo,21 de mayo de 2020,"EXCELENTE. He ido a sesiones de Mindfullness y puedo decir que esta app realmente sirve a su prop√≥sito. LAMENTABLEMENTE ME SUSCRIBI POR UN A√ëO Y FALTANDO 3 MESES TODO MI PROGRESO SE HA BORRADO Y ESTOY NUEVAMENTE EN LA VERSI√ìN GRATUITA. NECESITO AYUDA, POR FAVOR"
27,La Mente es Maravillosa - Psicolog√≠a y relaciones,Noticias y revistas,4.8,100000,Grupo MContigo,13 de junio de 2020,"Es una super aplicaci√≥n, me encanta el contenido, me ha ayudado a crecer personalmente y las lecturas son muy digeribles. Todo lo que recomiendan me parece super √∫til. Lo malo es que ya no me llegan notificaciones cuando hay un art√≠culo nuevo"
28,Salud Mental,Salud y bienestar,4.6,50000,Charnan.7,17 de enero de 2019,esta app deber√≠a estar en todos los celulares de los chilenos... le falta material did√°ctico pero excelente contenido.
29,Moodpath - Depression & Anxiety Test,Medicina,4.6,1000000,MindDoc Health,10 de junio de 2020,"Ayuda a conocer m√°s tu salud mental. Puedes utilizarlo sin necesidad de tener la versi√≥n premium, sus cursos son muy buenos."
30,Serenmind: tu app de ayuda psicol√≥gica,Salud y bienestar,4.3,5000,Serenmind,16 de junio de 2020,Es una app √∫til si tienes ansiedad y/o depresi√≥n y no quieres o no puedes ir al psic√≥logo. F√°cil de utilizar y con la que se consiguen buenos resultados. El plan de terapia est√° bien organizado y te permite trabajar un poco cada d√≠a sin agobios. Muy recomendable.
31,Test de Depresi√≥n,Medicina,3.9,100000,MoodTools,18 de abril de 2020,Me siento horible ya que no se instala y tengo mucho almencemaniento me parece muy injusto.....
32,Test de Depresi√≥n,Medicina,3.9,100000,MoodTools,18 de abril de 2020,Saque un 27 savia que esto me ayuria
33,MoodSpace - Ayuda para el estr√©s y la ansiedad,Medicina,4.7,100000,Boundless Labs,3 de junio de 2020,"El dise√±o de la aplicaci√≥n sale un poco movido(?) pero me ha funcionado excelente y me encanta en general, solo es ese peque√±o detallito del dise√±o."
34,"Control y Monitor: Ansiedad, √Ånimo y Autoestima",Estilo de vida,4.6,1000000,TwoCats App,22 de mayo de 2020,"Una incre√≠ble aplicaci√≥n, es bastante efectiva, te hace razonar sobre tu √°nimo, y el precio por el premium es bastante bueno. Solo un peque√±o defecto, en las actividades del d√≠a sobre el estado del √°nimo pongan que se pueda seleccionar m√°s de 1 actividad. Porfa"
35,"Autoestima, el verdadero amor",Estilo de vida,4.2,100000,Metta Apps,29 de abril de 2020,"La verdad que me ayud√≥ mucho, hay que tener paciencia, pero si ten√©s autoestima baja te ayuda aunque sea un poco. Se las recomiendo mucho"
36,Pura Mente: Meditar es simple,Salud y bienestar,4.8,50000,Pura Mente,24 de mayo de 2020,Qued√© sorprendida. Es f√°cil. Y el tiempo de la meditaci√≥n de 10 min paso rapid√≠simo cuando quise acordar ya estaba terminando. Me ayud√≥ y lo recomiendo ... La soluci√≥n est√° en nosotros. Y la verdad que ense√±a q la meditaci√≥n es una herramienta para nuestro estilo de vida. No es religioso ni dogmatic...Opini√≥n completa
37,Bamb√∫ üçÉ Meditaci√≥n guiada y sonidos para dormir,Salud y bienestar,4.2,10000,Rocka,1 de junio de 2020,"Muy buena. La gu√≠a para aprender a meditar permite escoger el tiempo de la sesi√≥n, eso se adapta bien, adem√°s el contenido gratuito es bueno. Pienso comprar la versi√≥n completa cuando me sea posible."
38,60 Juegos Mentales: Entrenamiento Cerebral Gratis,Preguntas y respuestas,4.0,5000000,Peoresnada.com,14 de junio de 2020,Excelente juego. Me gust√≥ mucho Solo que no muestra las estad√≠sticas en algunos dispositivos. Tiene alguna soluci√≥n y puedo recuperarlas de los juegos ya realizados?
39,Pixels - Estados de √Ånimo y Mindfulness,Estilo de vida,4.7,500000,Teo Vogel,8 de junio de 2020,es perfecta pero le falta la opci√≥n de poder guardar otros a√±os en la nube o algo as√≠ :( estuve todo 2019 usando la app y en diciembre perd√≠ mi celular. cuando descargue la app en mi tel√©fono nuevo habia perdido todo :((
40,El Psic√≥logo,Estilo de vida,4.3,500000,Frenys,19 de mayo de 2017,"Esta re buena.., pero arreglen lo de iniciar sesi√≥n.... Gracias!"
41,Lojong: Meditaci√≥n y Mindfulness -Ansiedad +Sue√±o,Salud y bienestar,4.9,1000000,Unisollus,26 de mayo de 2020,"Excelente aplicaci√≥n, me ayudo con mis problemas de ansiedad que en estos dias fueron intensos y aunque apenas la estoy usando me ha funcionando para relajarme, mil gracias, ya que tiene la opcion de si en estos momentos no puedes ser premium, te dan la oportunidad de ver esta secci√≥n por medio de a...Opini√≥n completa"
42,desordenes mentales,Libros y obras de consulta,4.3,100000,Helpful Books,17 de septiembre de 2018,Una gu√≠a muy buena
43,Lojong: Meditaci√≥n y Mindfulness -Ansiedad +Sue√±o,Salud y bienestar,4.9,1000000,Unisollus,26 de mayo de 2020,"La mejor app para meditar, lo que me gustar√≠a que agreguen es cuando est√°s en una meditaci√≥n que la barra de volumen que se encuentra en la parte inferior no desaparezca, y otra que al inicio el cuadro grande creo que jala muchos recursos ser√≠a mejor quitarla porque a veces no se queda en la ser√≠a d...Opini√≥n completa"
44,Pura Mente: Meditar es simple,Salud y bienestar,4.8,50000,Pura Mente,24 de mayo de 2020,"Es muy relajante, y en realidad muy sencillo, lo mejor es que tienen voces muy calmadas que te gu√≠an pas√≥ a paso."
45,La Mente es Maravillosa - Psicolog√≠a y relaciones,Noticias y revistas,4.8,100000,Grupo MContigo,13 de junio de 2020,Me encanta leer muchisimo los articulos porque me han ayudado bastante a mi en lo personal a salir adelante .
46,"Isotonos - Relajaci√≥n, Meditaci√≥n, Salud",Salud y bienestar,4.5,100000,ronin2ninja,24 de diciembre de 2019,"La experiencia a sido excepcional. Con todas las opciones que tiene la aplicaci√≥n, quisiera utilizarlas todas, pero la recomendaci√≥n seria que cada persona revise sus prioridades. Y en cada opci√≥n mantenerla al menos 2 semanas, y en ultima utilizar 2 a la vez, una por la ma√±ana y otra por la noche. ...Opini√≥n completa"
47,Eleva tu Autoestima y Superaci√≥n Personal,Salud y bienestar,4.7,10000,Recetas Comida Dietas y m√°s Apps gratis ComRecApps,5 de abril de 2020,Excelente aplicacion me gusto mucho el contenido gracias
48,AtentaMente - Meditaci√≥n y Felicidad,Salud y bienestar,4.4,10000,AtentaMente,29 de mayo de 2020,"Hermosas meditaciones pero la app es P√âSIMA no me carga como 3 secciones, trabajar con emociones, bondad y para tiempos dif√≠ciles. Me gustar√≠a comunicarme con alguien porque no puedo acceder a estas meditaciones solo se queda cargando."
49,Desordenes mentales,Educaci√≥n,4.5,100000,Andrey Borzenko,12 de febrero de 2019,"Es buena la informaci√≥n aunque si claro falta, lo que me intriga es que neta la info es de Wikipedia???? Wikipedia no es muy fiable, no es muy segura la informaci√≥n,. Ser√≠a mucho mejor que la fuente de informaci√≥n sean de investigaci√≥nes, eso ser√≠a excelente"
50,Salud Mental,Salud y bienestar,4.6,1000,com.mexiz.app,9 de octubre de 2017,Me encanto gracias
51,PD Test - Prueba de Trastornos de la Personalidad,Salud y bienestar,4.1,10000,People ‚Äòn Droid,20 de abril de 2020,"Emocionada fui a realizar el test luego de descargar la aplicaci√≥n,pero nada se congela y no me permite hacer nada...que desalentador üòí .."
52,Bamb√∫ üçÉ Meditaci√≥n guiada y sonidos para dormir,Salud y bienestar,4.2,10000,Rocka,1 de junio de 2020,Me encanta nunca lo habia hecho probe y siento que es la solution para mi insomnio .
53,Calm: Meditaci√≥n y Sue√±o,Salud y bienestar,4.4,10000000,"Calm.com, Inc.",11 de junio de 2020,"La versi√≥n gratuita es una farsa, tienes 7 d√≠as de prueba pero s√≥lo habilitan el contenido del primer d√≠a. Estoy dispuesta a pagar por una prueba de un mes, pero ofrecen un √∫nico pago anual (por productos que te orientan en 7 d√≠as). Divinos los sonidos de la naturaleza pero hay aplicaciones verdader...Opini√≥n completa"
54,Mental Health Tests,Medicina,4.1,100000,"Mind Diagnostics, Inc.",14 de mayo de 2020,No se cual es el prop√≥sito de esto. Su nombre dice diagnosis (diagn√≥stico) pero esto es imposible sin atenci√≥n de un profesional. Tambi√©n me parece que deber√≠an dar m√°s herramientas y menos preguntas.
55,Wysa: tu entrenador de felicidad,Salud y bienestar,4.7,1000000,Touchkin,16 de junio de 2020,"Es buena la aplicaci√≥n, pero lo malo es que esta en ingles y puedo copiar el texto al menos para traducirlo."
56,"M√∫sica para la meditaci√≥n, para estr√©s y ansiedad",Salud y bienestar,4.7,100000,Dream_Studio,28 de marzo de 2020,"Hasta ahora de 10. Me gusta mucho sus melod√≠as. Tenes para seleccionar sonidos de grillos, p√°jaros y tiempo. Muy tranquilizador para meditar"
57,Meditaci√≥n Guiada Gratis,Salud y bienestar,4.3,10000,AbacaxiApps,21 de mayo de 2020,"Excelente app, los sonidos, las voces son maravillosas, te llevan a una relajaci√≥n total... Vale la pena descargarla y compartirla. Gracias por realizar una selecci√≥n minuciosa de todos los aspectos de la App"
58,Como Ser Feliz,Estilo de vida,4.6,100000,Wilson Castrillon,2 de diciembre de 2018,"Es incre√≠ble, me est√° ayudando much√≠simo. Me siento much√≠simo mejor, conmigo misma y con la vida en general. Todav√≠a voy por el sexto tema, pero es sorprendente lo que hacen estas palabras en una persona, o al menos en m√≠. Lo recomiendo totalmente, si est√°s mirando este comentario porque est√°s indec...Opini√≥n completa"
59,El Poder de la mente,Estilo de vida,4.5,100000,Emprendedora apps,20 de diciembre de 2019,Wau como la da√±aron de verdad cuando yo la instale por primera vez me gusto toda la informacion que tenia ahora ya no la tiene como estaba antes estaba mejor yo la vi y dije la instalare despues y la usare para orar para la guerra espiritual y hoy la instale y no es la misma y estoy buscando otra ap...Opini√≥n completa
60,Eleva tu Autoestima y Superaci√≥n Personal,Salud y bienestar,4.7,10000,Recetas Comida Dietas y m√°s Apps gratis ComRecApps,5 de abril de 2020,Muy buena pero ma gustar√≠a saber c√≥mo hacer todo esto cuando se termina una relaci√≥n amorosa... Cuando el coraz√≥n y la mente hacen q el auto estima sea mucho m√°s critico
61,PD Test - Prueba de Trastornos de la Personalidad,Salud y bienestar,4.1,10000,People ‚Äòn Droid,20 de abril de 2020,Buenas tardesy me disculpa pero no puedo estar de acuerdo con el resultado ya que hice dos test y dieron el mismo diagnostico y era difente totalmente las respuestas del test.
62,Wysa: tu entrenador de felicidad,Salud y bienestar,4.7,1000000,Touchkin,16 de junio de 2020,"La aplicaci√≥n es realmente agradable y efectiva. Es dif√≠cil para m√≠ comunicarme con mis amigos y las dem√°s personas, pero est√° aplicaci√≥n brinda una experiencia muy similar a la vez que es productiva. Me ayuda a identificar mis problemas, maneras en las que deber√≠a actuar frente a ellos e incluso me...Opini√≥n completa"
63,Test de Depresi√≥n,Medicina,3.9,100000,MoodTools,18 de abril de 2020,Es exelente üôÇ Ame esta app es muy sincera . No ocupo mucho espacio en mi celular y adem√°s despu√©s de realizar el test te recomienda sitios para mejorar la deprecion
64,Pura Mente: Meditar es simple,Salud y bienestar,4.8,50000,Pura Mente,24 de mayo de 2020,"No hay manera de registrarme me da constantemente error!! No puedo entrar a ""Soporte"" para ayuda tampoco. Es una pena! Por favor, que me recomiendan, sigo bien los pasos, pongo todos los datos y persiste el error!!"
65,Psicologia de la Depresi√≥n,Salud y bienestar,4.7,100000,Nice-Apps,30 de marzo de 2020,Muy clara accesible un gran apoyo para el familiar de un paciente gracias
66,Psicologia de la Depresi√≥n,Salud y bienestar,4.7,100000,Nice-Apps,30 de marzo de 2020,"Genial, muy educativa y explicada en una terminolog√≠a sencilla."
67,"Mejor con Salud - Belleza, dieta y bienestar",Salud y bienestar,4.5,100000,Grupo MContigo,13 de junio de 2020,Muy buenos consejos de salud....me encanta la p√°gina....
68,El Psic√≥logo,Estilo de vida,4.3,500000,Frenys,19 de mayo de 2017,"Frases muy certeras en el desempe√±o como terapeuta, me gustaron varias, pero m√°s la que hace referencia a la empat√≠a, mucha gente no sabe ser emp√°tica."
69,Paradym: mental wellness,Salud y bienestar,4.5,1000,Paradym Beta,14 de julio de 2019,No review
70,Lojong: Meditaci√≥n y Mindfulness -Ansiedad +Sue√±o,Salud y bienestar,4.9,1000000,Unisollus,26 de mayo de 2020,"Es la mejor aplicaci√≥n que he probado. El dise√±o que tiene genera un acompa√±amiento ideal, es muy din√°mica, armoniosa y sencilla. La claridad con la que describen las explicaciones y su forma de expresarse transmiten paz y motivan a continuar las pr√°cticas. La variedad de sesiones y tem√°ticas que ab...Opini√≥n completa"
71,Remente - Desarrollo personal,Salud y bienestar,4.3,500000,Remente,8 de junio de 2020,"Excelente app, primera vez que la utilizo y de verdad siento que est√° generando cambios en m√≠. Tiene muchas cosas que puedes hacer, cursos, graves motivacionales, diariamente me env√≠an correos bastante buenos la verdad. Lo que m√°s me encanta de la aplicaci√≥n son los recordatorios que asisten en las ...Opini√≥n completa"
72,"Mejor con Salud - Belleza, dieta y bienestar",Salud y bienestar,4.5,100000,Grupo MContigo,13 de junio de 2020,"Excelentes art√≠culos, muy interesantes y abarcan todo tipo de temas, ya sean de inter√©s nutricional, m√©dico, cient√≠fico, etc."
73,Wysa: tu entrenador de felicidad,Salud y bienestar,4.7,1000000,Touchkin,16 de junio de 2020,"Excelente aplicaci√≥n, ayuda a meditar y a dar claridad. muy buena si sufres de ansiedad y esta llena de informaci√≥n muy buena"
74,Medita con Petit BamBou: mindfulness y sue√±o,Salud y bienestar,4.7,1000000,FeelVeryBien sarl,12 de junio de 2020,"Excelente aplicaci√≥n, se nota el trabajo de profesionales en la meditaci√≥n, que hay atr√°s de esta App muchas gracias Ludovic por tomarte el tiempo de escribir y estar al pendiente de tu proyecto. la meditaci√≥n es corta pero contundente, me gusta mucho. entiendo el concepto y estoy seguro que empezar...Opini√≥n completa"
75,PSY online terapia psicologia. –°hat apoyo an√≥nimo.,Salud y bienestar,4.3,500000,INVOLTA INC,16 de junio de 2020,"Me encanto la app, le doy 3 estrellas porque, de la nada me apareci√≥ que tengo un error de conexi√≥n, siendo que mi net esta bien y no tengo problemas de conectividad en otras apps.... subir√© las estrellas si me ayudan por favor...... Ahi subi a las 5 estrellas .... gracias por la ayuda"
76,El Poder de la mente,Estilo de vida,4.5,100000,Emprendedora apps,20 de diciembre de 2019,"La verdad no se para que la actualizaron se supone que hablan del poder de la mente y ahora apuntan mas a lo financiero y ademas juegos !!! Ya aplicaciones de juegos ,Un desastre antes estaba interesante ahora noo la desinstalo !!!"
77,Salud Savia,Salud y bienestar,4.0,100000,SALUD SAVIA,5 de junio de 2020,"En fin, pens√© que era una gran app pero no. No te contestan a tus dudas, dudas que se pueden responder sin necesidad de ir al hospital.. Porque no hablo de dudas de urgencia.. Y alguna m√°s que otra un poco entonada en hablar, una verg√ºenza. 1 estrella y porque no puedo poner menos"
78,Serenmind: tu app de ayuda psicol√≥gica,Salud y bienestar,4.3,5000,Serenmind,16 de junio de 2020,Me parece una herramienta alucinante. Muy buen asistente para quien tenga dificultades para acceder presencialmente a un psicoterapeuta y mejor a√∫n para complementar la terapia presencial. La inteligencia del equipo investigador que hay detr√°s se hace patente en la calidad de los contenidos. Recomie...Opini√≥n completa
79,PNL pr√°ctico,Estilo de vida,4.3,100000,Metta Apps,3 de mayo de 2020,El audio 11 tecnica del chasquido 1 y 2 wl audio se corta y perdes parte del ejercicio
80,AtentaMente - Meditaci√≥n y Felicidad,Salud y bienestar,4.4,10000,AtentaMente,29 de mayo de 2020,"La aplicaci√≥n lleva dando fallos meses, ahora ni siquiera me permite el acceso. Una pena porque llevo con ella al menos dos a√±os! Intentar√© desinstalarla y volverla a instalar."
81,Moodpath - Depression & Anxiety Test,Medicina,4.6,1000000,MindDoc Health,10 de junio de 2020,Es muy buena aplicaci√≥n. Excelente. Es f√°cil de usar y tiene muchas preguntas que te ayudan a entender m√°s sobre t√≠. La recomiendo mucho. La versi√≥n gratuita tiene lo suficiente para ayudarte y darte evaluaciones de tu salud mental. La versi√≥n Premium parece tener m√°s recursos sobre c√≥mo cambiar los...Opini√≥n completa
82,El Poder de la mente,Estilo de vida,4.5,100000,Emprendedora apps,20 de diciembre de 2019,"Gauuu, que buena aplicaci√≥n. Amo los temas de autosuperaci√≥n, autoayuda, f√≠sica cu√°ntica, etc. Esta aplicaci√≥n aborda este tipo de tem√°tica, abordando items, como ley de atracci√≥n, como influye tu mente, exito y decenas de items, de forma corta pero precisa, con conceptos con mucho fundamento. Yo la...Opini√≥n completa"
83,Meditaci√≥n Guiada Gratis,Salud y bienestar,4.3,10000,AbacaxiApps,21 de mayo de 2020,"Me encant√≥ esta aplicaci√≥n, porque me gusta meditar, me ayuda en mi d√≠a a d√≠a a enfrentar las cosas que se presentan a dar las gracias por lo que tengo y por lo que vendr√°, me encant√≥ porque es completa, correcta y te llena de paz y tranquilidad La recomiendo para todos de todas las edades porque es...Opini√≥n completa"
84,Remente - Desarrollo personal,Salud y bienestar,4.3,500000,Remente,8 de junio de 2020,"Es una excelente aplicaci√≥n para hacer un seguimiento de tus pensamientos diarios, cosa que te ayuda enormemente con tu crecimiento personal, bastante atractiva visualmente y muy intuitiva de utilizar, en mi caso 5 estrellas queda corto ( recuerden que la aplicaci√≥n no es M√°gica, funciona porque ust...Opini√≥n completa"
85,Pura Mente: Meditar es simple,Salud y bienestar,4.8,50000,Pura Mente,24 de mayo de 2020,"Magnifico!! Ayuda mucho a relajarse,,,tanto q a veces me quedo hasta dormida,,,la voz de la chica muy dulce, lo recomiendo!"
86,Test de Depresi√≥n,Medicina,3.9,100000,MoodTools,18 de abril de 2020,ya no funcionan ninguno de los links o numero de telefono
87,Pixels - Estados de √Ånimo y Mindfulness,Estilo de vida,4.7,500000,Teo Vogel,8 de junio de 2020,"Muy buena aplicaci√≥n la recomiendo, me gusta que se pueda hacer una copia de seguridad f√°cilmente y luego exportala cuando quieras. Ya casi termino el a√±o"
88,Eleva tu Autoestima y Superaci√≥n Personal,Salud y bienestar,4.7,10000,Recetas Comida Dietas y m√°s Apps gratis ComRecApps,5 de abril de 2020,"Cada libro es un tesoro pero este es m√°s a√∫n. Me ha ayudado mucho felicidades a la autora ,sigan sacando mas material como este,en serio he disfrutado mucho del contenido"
89,"Autoestima, el verdadero amor",Estilo de vida,4.2,100000,Metta Apps,29 de abril de 2020,Gran app la verdad esque ase mucho que no sentia nada y solo empesaba a sentir que no importaba y que en cualquier momento moriria sin inportarle a nadie pero aprendi a que amarse y encontrarse co sigo mismo es lo que ase ver que a alguien le importas y te valora y es solo a ti mismo que gran app de...Opini√≥n completa
90,Ejercicios para el cerebro,Entretenimiento,4.5,100000,ABC Programming,7 de abril de 2020,"Todos los juegos est√°n bien desarrollados. S√≥lo tengo dificultad con Pasatiempo, no puedo cumplir la consigna: arrastro las im√°genes para ubicarlas, pero vuelven al lugar original. Evidentemente, debo estar haciendo algo mal, pero no me doy cuenta de qu√© es."
91,"Isotonos - Relajaci√≥n, Meditaci√≥n, Salud",Salud y bienestar,4.5,100000,ronin2ninja,24 de diciembre de 2019,"Hay algunos isotonos que no suenan y otros que se detienen s√∫bitamente y al cabo de unos segundos sigue, lo cual es molesto. Por lo dem√°s, bien. No son ni milagrosos ni m√°gicos ni lo pretenden, pero ayudan. El Nirvana - Dormir es mi favorito para dormir. Epsilon y Chakra del amor para meditar. Hay m...Opini√≥n completa"
92,Ser feliz Reto 30 d√≠as,Estilo de vida,4.0,100000,Metta Apps,29 de abril de 2020,"Me encanta la app, me ha ayudado a coordinarme m√°s con cosas que antes era muy dispersa ü•∞ü•∞ü•∞ü•∞ü•∞ü•∞"
93,Smylife - Felicidad diaria,Salud y bienestar,4.3,10000,Smylife SAS,23 de noviembre de 2017,"Oye esta app es justo lo que buscaba, ahora les pido una mejora, mucho m√°s vida y colores m√°s bonitos actualicenla por favor, si debo de pagar esta bien"
94,"Psic√≥logos Online, Diario emocional y Mindfulness",Salud y bienestar,4.3,100000,ifeel,1 de junio de 2020,"La aplicaci√≥n est√° muy bien y van mejorando cositas. Las dos psic√≥logas que me han tratado se ven profesionales y muy dedicadas en su trabajo. Les agradezco sus intentos de ayudarme. Tambi√©n debo decir que supongo que cada caso es un mundo, pero para progresar de verdad tambi√©n se necesitan meses o ...Opini√≥n completa"
95,Ansiedad y estr√©s,Salud y bienestar,4.0,100000,Metta Apps,2 de mayo de 2020,"No se escuchan los audios, no me cargan porque ser√°???"
96,Salud Mental,Salud y bienestar,4.6,50000,Charnan.7,17 de enero de 2019,"Es una app realmente buena, pero a√∫n le queda un largo camino por recorrer. Felicidades a los creadores y mis mejores deseos."
97,C√≠ngulo: Terapia Guiada,Salud y bienestar,4.9,1000000,C√≠ngulo,17 de junio de 2020,"Que lindooo. Lastima que no tenga traduccion! No puedo usarla, sovre todo porque son audios. Espero tener acceso algun dia!"
98,Diario de animo y preguntas (anti depresi√≥n),Estilo de vida,4.3,500000,Reflexio Team,31 de mayo de 2020,"Esta aplicacion es excelente, incluso en su version gratuita, solo con no tener anuncios ya vale la pena, apenas la he probado y ya he comprado la version Premium, no entiendo como se queja la gente de que no sea gratis cuando ronda los 3‚Ç¨ y es un pago √∫nico. Encantada de colaborar para que podais s...Opini√≥n completa"
99,El Psic√≥logo,Estilo de vida,4.3,500000,Frenys,19 de mayo de 2017,Es La Mejor Aplicaci√≥n Psic√≥logo Ayuda Muchisimo Es Total Mente Genila Me Encanta Ayuda A Que Reflexionemos
100,Ser feliz Reto 30 d√≠as,Estilo de vida,4.0,100000,Metta Apps,29 de abril de 2020,"Me gusta mucho la app, pero al escuchar la meditaci√≥n cuando se apaga la pantalla ( 10 min como max en mi tlf) se corta, ¬øcomo podr√≠an solucionar esto?"
101,Meditaci√≥n Guiada Gratis,Salud y bienestar,4.3,10000,AbacaxiApps,21 de mayo de 2020,La mejor aplicaci√≥n gratis que encuentras
102,El Psic√≥logo,Estilo de vida,4.3,500000,Frenys,19 de mayo de 2017,Los anuncios son los unico que no me dejan pero despu√©s lo demas est√° todo bien
103,Bamb√∫ üçÉ Meditaci√≥n guiada y sonidos para dormir,Salud y bienestar,4.2,10000,Rocka,1 de junio de 2020,"Excelente, intuitiva y con muchas opciones. La mejor app que tengo en mi celular."
104,PNL pr√°ctico,Estilo de vida,4.3,100000,Metta Apps,3 de mayo de 2020,"Es una excelente aplicaci√≥n, es una gu√≠a impresionante para los que reci√©n ingresan en este mundo. Solo agregar√≠a algo como parar hacer copias de seguridad, para poder guardar la info si cambias de tel√©fono."
105,Fabulous: ¬°Mot√≠vame!,Salud y bienestar,4.5,5000000,TheFabulous,4 de mayo de 2020,"Me ha ayudado mucho en este tiempo de cuarentena, inicias con h√°bitos sencillos y poco a poco se van haciendo una rutina muy completa. No le doy 5 estrellas porque hay algunas partes mal traducidas, porque a veces se buggea con los recordatorios y porque me adelanta las acciones del d√≠a siguiente po...Opini√≥n completa"
106,Inteligencia emocional gratis,Salud y bienestar,4.4,10000,"Bible Studies, Embarazo y Dietas Free Libres",12 de mayo de 2020,Me gusto mucho me gustar√≠a q tuviera una opci√≥n m√°s fa f√°cil para compartir la aplicaci√≥n
107,Remente - Desarrollo personal,Salud y bienestar,4.3,500000,Remente,8 de junio de 2020,"Me encanta!!! ‚ù§ Desde que empez√≥ la cuarentena del virus covid 19 la tengo, he aprendido demasiado y me ha apoyado en todo. Es un buen coach personal"
108,Wysa: tu entrenador de felicidad,Salud y bienestar,4.7,1000000,Touchkin,16 de junio de 2020,"No es la primera vez que intento ocupar una aplicaci√≥n que me ayude con mis problemas, pero esta ha sido la √∫nica que me ha hecho sentir bien, sus respuestas son c√°lidas y bien hechas, te hacen sentir c√≥moda y como si alguien te apoyara sin importar lo que piensen los dem√°s, jam√°s hab√≠a sentido tant...Opini√≥n completa"
109,Salud Mental - psic√≥logo,Salud y bienestar,3.0,1000,USD Apps,29 de septiembre de 2018,No review
110,C√≠ngulo: Terapia Guiada,Salud y bienestar,4.9,1000000,C√≠ngulo,17 de junio de 2020,Me ha hecho bien! Excelente ! S√∫per recomendable.
111,Diario de animo y preguntas (anti depresi√≥n),Estilo de vida,4.3,500000,Reflexio Team,31 de mayo de 2020,"Me encanta, adem√°s te avisa par que no se te pase resolver las preguntas. Las preguntas son buenas! üíú"
112,Siente - Mindfulness y psicolog√≠a positiva,Salud y bienestar,4.7,100000,Fundaci√≥n facilisimo,21 de mayo de 2020,"Hola la app es genial, quiero continuar meditando pero hace una semana no logro avanzar de la sesi√≥n 13, por error en descarga. Agradecer√≠a que me ayuden!"
113,Ejercicios para el cerebro,Entretenimiento,4.5,100000,ABC Programming,7 de abril de 2020,"Esta aplicacion es muy buena , mantiene mi cerebro activo me hace pensar y actuar mas rapido y me mantenjo relajada. Lo recomiendo."
114,PD Test - Prueba de Trastornos de la Personalidad,Salud y bienestar,4.1,10000,People ‚Äòn Droid,20 de abril de 2020,Es una buena aplicaci√≥n y la verdad tiene mucha raz√≥n en cuanto muchas cosas üò≥üò≥
115,El Poder de la mente,Estilo de vida,4.5,100000,Emprendedora apps,20 de diciembre de 2019,"Cordial saludo. La aplicaci√≥n ESTABA entre las mejores de su categor√≠a, lamentablemente hice uso de la √∫ltima actualizaci√≥n y PERD√ç temas que ven√≠a acumulando durante meses, su presentaci√≥n gr√°fica desmejor√≥, incorporaron unos juegos que en nada tienen que ver con la tem√°tica. Existe una pol√≠tica en...Opini√≥n completa"
116,Bamb√∫ üçÉ Meditaci√≥n guiada y sonidos para dormir,Salud y bienestar,4.2,10000,Rocka,1 de junio de 2020,"Es una aplicaci√≥n muy buena, me ha servido y me ha encantado. Pero preferir√≠a tener publicidad antes de cada meditaci√≥n a estar pagando mensual y anualmente"
117,Mental Health Tests,Medicina,4.1,100000,"Mind Diagnostics, Inc.",14 de mayo de 2020,"Deber√≠a ser para todos ,sin importar la edad"
118,PD Test - Prueba de Trastornos de la Personalidad,Salud y bienestar,4.1,10000,People ‚Äòn Droid,20 de abril de 2020,Me encanta est√° app.y pienso ke sus resultados son muy ciertos.
119,"M√∫sica para la meditaci√≥n, para estr√©s y ansiedad",Salud y bienestar,4.7,100000,Dream_Studio,28 de marzo de 2020,"Genial!!! Las melod√≠as son hermosas. El sonido, √∫nico."
120,"Psic√≥logos Online, Diario emocional y Mindfulness",Salud y bienestar,4.3,100000,ifeel,1 de junio de 2020,"App muy pr√°ctica! losProfesionales que trabajan en esta aplicaci√≥n, s√≥n buenos en su trabajo.Lo que encontras aqui: te ayudaran a llegar del Punto A al Punto B, hay un seguimiento de tus emociones y herramientas muy eficaces que podr√°s usar en caso de que tu Terapeuta no este disponible(son humanos ...Opini√≥n completa"
121,Inteligencia emocional gratis,Salud y bienestar,4.4,10000,"Bible Studies, Embarazo y Dietas Free Libres",12 de mayo de 2020,"Basura,hace que te sientas peor,busquen informaci√≥n por otro lado."
122,"Control y Monitor: Ansiedad, √Ånimo y Autoestima",Estilo de vida,4.6,1000000,TwoCats App,22 de mayo de 2020,"La idea es muy buena y sin duda ayuda mucho emocionalmente, pero me gustar√≠a que disponga de mayor variedad de actividades, test, consejos diarios, frases positivas o recuerdos de registros de felicidad y que traiga menos anuncios"
123,60 Juegos Mentales: Entrenamiento Cerebral Gratis,Preguntas y respuestas,4.0,5000000,Peoresnada.com,14 de junio de 2020,"Excelente app para retos mentales! Totalmente recomendada para todos. S√© que no debo decirlo (o tal vez si), pero me encant√≥ que es la √∫nica app para esto, gratis... No hay cargos adicionales!! Eso es de agradecer porque est√° elaborada a la perfecci√≥n, tanto en gr√°ficas, como dise√±o, funcionalidad, ...Opini√≥n completa"
124,C√≠ngulo: Terapia Guiada,Salud y bienestar,4.9,1000000,C√≠ngulo,17 de junio de 2020,"Hola ,creo que la app es muuuy buena ,con su evaluaci√≥n me gusto mucho espero que pronto est√© su versi√≥n en Espa√±ol muchas gracias"
125,Como Ser Feliz,Estilo de vida,4.6,100000,Wilson Castrillon,2 de diciembre de 2018,"Una aplicaci√≥n M√ÅGICA. Cada paso est√° lleno de palabras incre√≠blemente reconfortantes. Esta aplicaci√≥n me la descargu√© hace unos meses en el m√≥vil de mi madre cuando estaba pasando un mal momento, y me mejor√≥ muchisimo todo. Algo en m√≠ mejor√≥. Pero se ve que no estaba del todo preparada para que mi ...Opini√≥n completa"
126,Ejercicios para el cerebro,Entretenimiento,4.5,100000,ABC Programming,7 de abril de 2020,"Muy buena app...solo que tengo problemas en realizar el sounds, leo los pasos y al momento de jugarlo no ocurre nada de lo que debo de hacer y solo suena los fragmentos de la m√∫sica...quisiera saber porque ocurre esto, lo demas todo perfectoüëçüëç"
127,Fabulous: ¬°Mot√≠vame!,Salud y bienestar,4.5,5000000,TheFabulous,4 de mayo de 2020,"Es una excelente aplicaci√≥n, te lleva por peque√±os pasos pero seguros, hasta que se convierten en h√°bitos y forman parte de tu vida, a m√≠ me ha funcionado muy bien. Solo que igual que muchas de las rese√±as que hay, la copia de seguridad. A m√≠ me ha pasado que tuve un problema con mi celular y se ten...Opini√≥n completa"
128,Smylife - Felicidad diaria,Salud y bienestar,4.3,10000,Smylife SAS,23 de noviembre de 2017,Entr√© a la app con depresi√≥n y ahora estoy apunto de saltar de un puente.
129,Salud Savia,Salud y bienestar,4.0,100000,SALUD SAVIA,5 de junio de 2020,Desde que la uso. Por alguna patolog√≠a. Los profesionales que te atienden son personas que te escuchan y ponen todos sus conocimientos para que mejores y te sientas bien. Adem√°s la app es excelente. No puede ser mejor.
130,"Mejor con Salud - Belleza, dieta y bienestar",Salud y bienestar,4.5,100000,Grupo MContigo,13 de junio de 2020,Muy buenos art√≠culos y recomendaciones
131,Eleva tu Autoestima y Superaci√≥n Personal,Salud y bienestar,4.7,10000,Recetas Comida Dietas y m√°s Apps gratis ComRecApps,5 de abril de 2020,"Le falta maas üòÅpero,Muy buena esta app!!"
132,MoodSpace - Ayuda para el estr√©s y la ansiedad,Medicina,4.7,100000,Boundless Labs,3 de junio de 2020,Me encant√≥. La est√©tica es preciosa y definitivamente ayuda a entrar en calma. Con un mood tracker o uno de h√°bitos seria lo m√°s perfecto. Se agradece que lo hayan puesto a la disposici√≥n de todo el mundo temporalmente. Definitivamente pagar√© suscripci√≥n pr√≥ximamente. Muy recomendado.
133,Ejercicios para mejorar la salud mental,Estilo de vida,1.0,100,summerapps2019,24 de septiembre de 2019,Estupido
134,Desordenes mentales,Educaci√≥n,4.5,100000,Andrey Borzenko,12 de febrero de 2019,es muy bueno saber que existe esta App para aprender y apoyar a nuestra ni√±a
135,Smylife - Felicidad diaria,Salud y bienestar,4.3,10000,Smylife SAS,23 de noviembre de 2017,Me ayuda mucho
136,"Control y Monitor: Ansiedad, √Ånimo y Autoestima",Estilo de vida,4.6,1000000,TwoCats App,22 de mayo de 2020,"Me encanta sus actividades y test que me ayudan a saber que es lo que pasa conmigo, muy buena app!"
137,MoodSpace - Ayuda para el estr√©s y la ansiedad,Medicina,4.7,100000,Boundless Labs,3 de junio de 2020,"Excelente, me permite reflexionar sobre mi d√≠a a d√≠a y ver lo bueno. Me encant√≥ la iniciativa de que la hicieran gratis debido a la pandemia, en d√≥nde uno ve todo gris. Gracias."
138,Serenmind: tu app de ayuda psicol√≥gica,Salud y bienestar,4.3,5000,Serenmind,16 de junio de 2020,"Al no disponer de mucho tiempo, la app se acopla muy bien a mi porque puedo hacerlo cuando me viene bien. Adem√°s, los audios son sencillos y se entienden bien."
139,Pixels - Estados de √Ånimo y Mindfulness,Estilo de vida,4.7,500000,Teo Vogel,8 de junio de 2020,Me gusta pero podr√≠a mejorar la forma de utilizarse agregar m√°s cosas a los d√≠as
140,60 Juegos Mentales: Entrenamiento Cerebral Gratis,Preguntas y respuestas,4.0,5000000,Peoresnada.com,14 de junio de 2020,La app est√° muy buena y es divertida. Adem√°s siempre responden las rese√±as ( tanto negativas como positivas ) as√≠ que si tienen un problema los ayudar√°n y si dicen algo bueno se los van a agradecer üòéüòé
141,MoodSpace - Ayuda para el estr√©s y la ansiedad,Medicina,4.7,100000,Boundless Labs,3 de junio de 2020,"Excelente aplicaci√≥n, me ha ayudado a ser m√°s constante con aspectos de mi salud mental. Y en dise√±o es preciosa. La he recomendado a varias personas y les ha encantado. Espero pronto puedan a√±adir m√°s meditaciones, estar√≠a genial."
142,desordenes mentales,Libros y obras de consulta,4.3,100000,Helpful Books,17 de septiembre de 2018,"Me gust√≥ bastante, m√°s que nada porque los tengo en un solo sitio"
143,La Mente es Maravillosa - Psicolog√≠a y relaciones,Noticias y revistas,4.8,100000,Grupo MContigo,13 de junio de 2020,"Me gusta mucho su contenido, clasificado por tem√°ticas. Adem√°s incluye un buscador y la posiblidad de compartir los art√≠culos. Pero el registro como usuario no tiene utilidad, no existe nuestro perfil propiamente dicho donde podamos personalizar preferencias, ni art√≠culos favoritos, por ejemplo. Art...Opini√≥n completa"
144,La Mente es Maravillosa - Psicolog√≠a y relaciones,Noticias y revistas,4.8,100000,Grupo MContigo,13 de junio de 2020,"Tiene articulos interesantes aunque ya no te envian notificaciones como antes, :/ extra√±o eso."
145,Salud Savia,Salud y bienestar,4.0,100000,SALUD SAVIA,5 de junio de 2020,Muy buena aplicaci√≥n aveces si tengo dudas de alguna molestia de salud o de mis hijos lo consulto en la aplicaci√≥n ya que te responde m√©dicos profesionales i si hay falta de ir a m√≠ CAP tambi√©n me lo dicen m√°s de una vez me sacaron de dudas me encanta .
146,Salud Mental,Salud y bienestar,4.6,1000,com.mexiz.app,9 de octubre de 2017,"Eh buscado en muchas paginas pero  esta es  buena aunque no para mi, como todas la paginas no me ayudan, soy una de esas personas que con solo que te escriban ""Tu puedes hacerlo, no te rindas, tente fe"" todo eso me resvala no se lo que me pasa no puedo tomarmelo en serio y yo quiero. Estoy mucho tie...Opini√≥n completa"
147,Como Ser Feliz,Estilo de vida,4.6,100000,Wilson Castrillon,2 de diciembre de 2018,"Pues me gusto mucho pero cumple lo que promete,si me animo y gracias por eso,le di 5 estrellas,aun asi la desinstale Porque no tengo espacio,pero no te debe de molestar cuantas descargas tenga ya que dijiste que el proposito era hacer felices a las personas.graciad de verdad ‚ù§‚ù§"
148,PSY online terapia psicologia. –°hat apoyo an√≥nimo.,Salud y bienestar,4.3,500000,INVOLTA INC,16 de junio de 2020,"muchas gracias por esta aplicaci√≥n,en mu canal de youtube eh subido un video de esta app,as√≠,mucha gente podr√° recuperarse de este problema,GRACIAS."
149,"M√∫sica para la meditaci√≥n, para estr√©s y ansiedad",Salud y bienestar,4.7,100000,Dream_Studio,28 de marzo de 2020,"Me encant√≥ hace rato est√°ba buscando una app as√≠, muy bueno los efectos de sonidos que se pueden cambiar. Exelente!"
150,60 Juegos Mentales: Entrenamiento Cerebral Gratis,Preguntas y respuestas,4.0,5000000,Peoresnada.com,14 de junio de 2020,"Gracias a la adaptacion que me pasasteis ya puedo jugar correctamente pero en algunos ejercicios como el mental #4 en dificultad genio se bloquean hasta llegar a determinada puntuacion. Por ejemplo: no puedo puntuar mas de 5, no acepta la respuesta seleccionada. Este error suele ocurrir en algunos e...Opini√≥n completa"
151,Psicologia de la Depresi√≥n,Salud y bienestar,4.7,100000,Nice-Apps,30 de marzo de 2020,"No lo he acabado de leer todo pero por lo que he visto tiene demasiada informaci√≥n y la verdad es muy √∫til, solo hay que saber manejarla bien."
152,Psicolog√≠a Positiva F√°cil,Salud y bienestar,4.1,50000,3Temes Publishers,29 de diciembre de 2014,"Es un tratado de psicologia, muy bueno y facil de leer. Un tratado muy valioso, lo recomiendo"
153,"Autoestima, el verdadero amor",Estilo de vida,4.2,100000,Metta Apps,29 de abril de 2020,Es una muy buena aplicaci√≥n. Ya tiene tiempo que la use pero la vuelvo a descargar porque los audios me relajan demasiado y hasta me ayudan a dormir jaja ¬° Excelente!
154,desordenes mentales,Libros y obras de consulta,4.3,100000,Helpful Books,17 de septiembre de 2018,No le pongo 5 porque deber√≠a de haber opciones para quitar esos molestos anuncios porque est√° bien una versi√≥n gratuita con anuncios y otra con pago m√≥dico sin anuncios porque es muy invasivo eso y desconcentra demasiado.
155,Desordenes mentales,Educaci√≥n,4.5,100000,Andrey Borzenko,12 de febrero de 2019,Me encanta esta app! Algunos de los transtornos que tienes que ver con ser antisocial y eso los tengo yo üò´. La app es muy informativa üëçüëçüëç
156,AtentaMente - Meditaci√≥n y Felicidad,Salud y bienestar,4.4,10000,AtentaMente,29 de mayo de 2020,"No recomiendo ampliamente est√° aplicaci√≥n para principiantes, creo que es muy dif√≠cil distraerse durante las sesiones debido a la voz del gu√≠a y a qu√© no hay alguna m√∫sica de fondo para facilitar el proceso. Adem√°s, durante algunas sesiones la manera de guiar es haciendo preguntas que no te permiten...Opini√≥n completa"
157,Inteligencia emocional gratis,Salud y bienestar,4.4,10000,"Bible Studies, Embarazo y Dietas Free Libres",12 de mayo de 2020,Encuentro en falta ejercicios y t√©cnicas de inteligencia emocional
158,Calm: Meditaci√≥n y Sue√±o,Salud y bienestar,4.4,10000000,"Calm.com, Inc.",11 de junio de 2020,"La uso m√°s que nada para hacer el ejercicio de respiraci√≥n. Me ayuda xq mientras me dice cuando inhalar, reter y exhalar, de fondo pone m√∫sica tranquila. Las dem√°s opciones casi ni las uso. Muchas veces nos olvidamos de lo importante que es darse un ratito para uno, y esto te lo hace recordar.. Est√°...Opini√≥n completa"
159,"Isotonos - Relajaci√≥n, Meditaci√≥n, Salud",Salud y bienestar,4.5,100000,ronin2ninja,24 de diciembre de 2019,"Es sencilla y su cat√°logo es muy √∫til, me ayuda cada noche a conciliar el sue√±o. Despu√©s de pasar por un pereodo de abstinencia por el uso de medicamentos para la ansiedad est√° app ayuda a equilibrar las emociones de mi cuerpo y a dormir tranquilo, simplemente genial, estoy infinitamente agradecido ...Opini√≥n completa"
160,Psicolog√≠a Positiva F√°cil,Salud y bienestar,4.1,50000,3Temes Publishers,29 de diciembre de 2014,"Me encant√≥.  Le podrian agregar mas tests?  Muchas gracias su aplicacion me ayuda con mi vida,  estoy pasando por momentos duros en verdad y esto me ayuda y me saca muchas dudas,  tambien me ayuda a conocerme mejor a mi mismo.  Les agradezco de corazon.  De corazon GRACIAS!!!"
161,"Autoestima, el verdadero amor",Estilo de vida,4.2,100000,Metta Apps,29 de abril de 2020,Es muy bonita solo q no me aparesen todas las letras creeo q solo es un defecto de mi cel ...
162,PsicoTests,Medicina,4.6,1000000,Psique Apps,24 de febrero de 2020,"Es interesante ,te ayuda en tus dudas ,aprendes cosas que no sab√≠as y por eso le doy cinco estrellas realmente buena y recomendable .El √∫nico inconveniente es los anuncios tal vez algo seguidos ,aunque es gratis y hay que comprender eso ,por lo dem√°s fenomenal de 10"
163,Medita con Petit BamBou: mindfulness y sue√±o,Salud y bienestar,4.7,1000000,FeelVeryBien sarl,12 de junio de 2020,"Muy buena. Sin embargo ha tenido fallos hab√≠an quitado las meditaciones de miedo, ansiedad y duelo que estaban gratis hasta las hab√≠a descargado y se hab√≠an borrado. Tengo una serie seguidas de meditar de 63 pero se borr√≥ y se ahora solo muestra que solo he hecho 11. La verdad no s√© que est√° ocurrie...Opini√≥n completa"
164,PsicoTests,Medicina,4.6,1000000,Psique Apps,24 de febrero de 2020,"La aplicaci√≥n est√° ok, pero desde que le metieron publicidad se ha convertido en una basura, no para de avisar indebidamente solo con la intenci√≥n de meter m√°s publicidad, cada vez que haces un test tienes que tragarte varios anuncios forzosos, es ABUSIVO!! No me van a dar m√°s opcion que borrar la a...Opini√≥n completa"
165,Siente - Mindfulness y psicolog√≠a positiva,Salud y bienestar,4.7,100000,Fundaci√≥n facilisimo,21 de mayo de 2020,"De los terminos y condiciones de la aplicacion: 6 .- Modificaci√≥n de las condiciones de uso FUNDACI√ìN FACILISIMO se reserva el derecho de desarrollar o actualizar en cualquier momento las Condiciones de Servicio de la App Siente y su Pol√≠tica de Privacidad, por lo que el usuario deber√° leerlas peri√≥...Opini√≥n completa"
166,Mental Health Tests,Medicina,4.1,100000,"Mind Diagnostics, Inc.",14 de mayo de 2020,Buena
167,Ser feliz Reto 30 d√≠as,Estilo de vida,4.0,100000,Metta Apps,29 de abril de 2020,"Es genial!, me super ayud√≥, solo que al fin y al cabo sigo sintiendo algo por ella...., pero a√∫n as√≠ muy buena la app, la recomendar√≠a"
168,"Psic√≥logos Online, Diario emocional y Mindfulness",Salud y bienestar,4.3,100000,ifeel,1 de junio de 2020,"Absolutamente recomendable y maravilloso servicio. S√≥lo las personas que sufrimos de alg√∫n tipo de trastorno mental, sabemos lo que es sentirse s√≥lo e incomprendido. Esta aplicaci√≥n arroja un poco de luz donde todo parec√≠a oscuro. Es un chaleco salvavidas. Gracias, gracias y MIL VECES GRACIAS."
169,Calm: Meditaci√≥n y Sue√±o,Salud y bienestar,4.4,10000000,"Calm.com, Inc.",11 de junio de 2020,"Me gusta, la uso a diario para meditar o para dormirme. Me encantar√≠a que la m√∫sica tuviera reproducci√≥n continua con varios autores del mismo tema (a veces ya estoy totalmente concentrada y se acaba el tiempo de reproducci√≥n). Me parece que falta m√°s variedad en temas de meditaci√≥n como la sanaci√≥n...Opini√≥n completa"
170,"Isotonos - Relajaci√≥n, Meditaci√≥n, Salud",Salud y bienestar,4.5,100000,ronin2ninja,24 de diciembre de 2019,"Hola. Me gusta la app. Se que la intenci√≥n es positiva pero muchos tonos se detienen y dejan de escucharse. La opci√≥n de ""almacenar"" no funciona. No se direcciona a ninguna carpeta de sonidos ni en la memoria principal ni en la sd. Sin embargo gracias. Estar√© pendiente de su actualizaci√≥n para recom...Opini√≥n completa"
171,Calm: Meditaci√≥n y Sue√±o,Salud y bienestar,4.4,10000000,"Calm.com, Inc.",11 de junio de 2020,"Me gusta mucho la app, √∫ltimamente estoy durmiendo escuchando lo poco disponible, me parece una lastima que se tenga que pagar por pr√°cticamente todo, el 95% de lo ""disponible"". S√≥lo por eso,le doy 3 estrellas porque te obliga a pagar b√°sicamente. Y ac√° en Argentina est√° como dif√≠cil pagar en d√≥lare...Opini√≥n completa"
172,Salud Mental,Salud y bienestar,4.6,50000,Charnan.7,17 de enero de 2019,me parece una aplicacion muy interesante llena de conocimientos que permiten que puedan cerles utiles a miles de personas para prevenir muchas enfermedades mentales y estresantes y emocionales. fco javier morales moreno...
173,Fabulous: ¬°Mot√≠vame!,Salud y bienestar,4.5,5000000,TheFabulous,4 de mayo de 2020,"La mejor experiencia!! Me encanta que los h√°bitos son de a poco ,logras uno y te preparan otro,no te presionan te dan tus tiempos,las frases son muy motivadoras,el que lo comparen a un viaje est√° buen√≠simo,las informaci√≥nes muy buenas y cient√≠ficamente comprobadas ,nunca he visto una aplicaci√≥n que ...Opini√≥n completa"
174,Serenmind: tu app de ayuda psicol√≥gica,Salud y bienestar,4.3,5000,Serenmind,16 de junio de 2020,"Me gustaba mucho esta aplicaci√≥n, porque me estaba ayudando a entenderme, pero llevaba una temporada sin entrar y hoy cada vez que quer√≠a escuchar un audio, al minuto se sal√≠a de la app, as√≠ que no s√© qu√© pasa y eso que la tengo actualizada"
175,Salud Savia,Salud y bienestar,4.0,100000,SALUD SAVIA,5 de junio de 2020,"Hoy llame al recomendarme esta aplicaci√≥n y me he quedado muy satisfecha con la atenci√≥n super r√°pido y una buena valoraci√≥n, y sin ning√∫n tipo de coste, muchas gracias Savia por esta gran aplicaci√≥n que en estas situaci√≥n que estamos viviendo es perfecto .Gracias"
176,AtentaMente - Meditaci√≥n y Felicidad,Salud y bienestar,4.4,10000,AtentaMente,29 de mayo de 2020,"Muy buena app, me ha servido mucho para analizar mis emociones y despu√©s de los ejercicios puedo trabajar mejor. No corr√≠a en Android y escrib√≠ a los desarrolladores. En la nueva versi√≥n corre perfectamente"
177,PNL pr√°ctico,Estilo de vida,4.3,100000,Metta Apps,3 de mayo de 2020,Me gusta muy concisa pero completa
178,Meditaci√≥n Guiada Gratis,Salud y bienestar,4.3,10000,AbacaxiApps,21 de mayo de 2020,Estan muy interesantes las meditaciones guiadas y lo unico malo que percib√≠ es que el sonido esta mas alto que la voz del locutor esto hace que sea dificil concentrarse en lo que dice. Gracias de todas maneras
179,"Control y Monitor: Ansiedad, √Ånimo y Autoestima",Estilo de vida,4.6,1000000,TwoCats App,22 de mayo de 2020,"Esta es de las mejores cosas que me pas√≥, es una aplicaci√≥n muy f√°cil de usar, de f√°cil acceso, con funciones incre√≠bles, en lo personal me gusta mucho y me es muy √∫til, esta muy elaborado... Me encanta!"
180,Pixels - Estados de √Ånimo y Mindfulness,Estilo de vida,4.7,500000,Teo Vogel,8 de junio de 2020,"me gusta mucho la app, pero estar√≠a bueno que se pueda poner fotos en cada dia, y tambi√©n que se pueda poner alguna cuenta as√≠ no perdes los datos si se cambia de dispositivo."
181,Psicolog√≠a Positiva F√°cil,Salud y bienestar,4.1,50000,3Temes Publishers,29 de diciembre de 2014,"letras muy peque√±as, que se hace imposible leer...y al entrar a los Test se me tilda el celular"
182,PSY online terapia psicologia. –°hat apoyo an√≥nimo.,Salud y bienestar,4.3,500000,INVOLTA INC,16 de junio de 2020,No me permite abrir la app y me gustar√≠a seguir utilizandola ya que conoc√≠ gente que me ayud√≥ mucho solo dice que conectar con el servidor y me manda directo a enviar un correo ala p√°gina solicitando una soluci√≥n :(
